time,label,F1,F2,F3,set,word
54.764263038548755,CURE_your,555.7474795905426,2006.8283635196246,2584.782373300941,CURE,your
